Part6from0404d7f711f640cbbee42c4a73bfa66b.jpg, teressizers
Part6from0a5611461850455e8136f224438bcfd4.jpg, manutwomraticzaous
Part6from0afe48656a474c5d82ff819c51c9ac53.jpg, jup
Part6from0b98d947a09b4b3384829353afb46080.jpg, tapyl
Part6from0d15421f76d64bd8b57db305dfa9b4b8.jpg, tlea
Part6from2930f37e4b9545ff959a1720175365bc.jpg, salegrent
Part6from907fa1d53c4f4a6081a6d14dfc734997.jpg, aplogses
Part7from0404d7f711f640cbbee42c4a73bfa66b.jpg, renoooat
Part7from0a5611461850455e8136f224438bcfd4.jpg, eatns
Part7from0b98d947a09b4b3384829353afb46080.jpg, ingrshes
Part7from907fa1d53c4f4a6081a6d14dfc734997.jpg, cyberjaya
Part8from0404d7f711f640cbbee42c4a73bfa66b.jpg, izen
Part8from0b98d947a09b4b3384829353afb46080.jpg, ct
Part8from907fa1d53c4f4a6081a6d14dfc734997.jpg, uenamtyayl
Part9from0404d7f711f640cbbee42c4a73bfa66b.jpg, lp
Part9from907fa1d53c4f4a6081a6d14dfc734997.jpg, dengkit
Part10from0404d7f711f640cbbee42c4a73bfa66b.jpg, pennyng
Part11from0404d7f711f640cbbee42c4a73bfa66b.jpg, eemmortanalh
Part1from0404d7f711f640cbbee42c4a73bfa66b.jpg, pennyng
Part1from0a49aad8517f48c29ce68d0bd0c75381.jpg, intireciriation
Part1from0a5611461850455e8136f224438bcfd4.jpg, chnintan
Part1from0a621717682d44ff9be1fbc80e24cf65.jpg, tezerutenolsns
Part1from0a72215ed2cd43a5b66a552bed79e399.jpg, yapyla
Part1from0a7fa0b134ec461e9edc781ec50689c8.jpg, boilecrtionalism
Part1from0a829aaa5e8f4c4eacd1bfd879773be9.jpg, neatiteproanegaien
Part1from0afe48656a474c5d82ff819c51c9ac53.jpg, hoirmzha
Part1from0b75100f314e43d5b7ed8dfeb5616247.jpg, syadyll
Part1from0b98d947a09b4b3384829353afb46080.jpg, urscany
Part1from0d137c4ef42542ba93789f6658e4d6c5.jpg, aphntshs
Part1from0d15421f76d64bd8b57db305dfa9b4b8.jpg, macrmay
Part1from0f1600e585d147a3a9dc41c79e8761da.jpg, teuneaas8by
Part1from1bd5fdb7540a42e691cf57c167cfaef8.jpg, yapyl
Part1from1bff9d3cfd8a48dfbe797e6085fad8c1.jpg, iratator
Part1from1c19b2689064434686cecd5a3e8fa21e.jpg, fadzilrealtor
Part1from1c83dcbb19ab47bb96b9e734af83b285.jpg, csacis
Part1from1cc97205eb084b4d84d599348e389afe.jpg, katherine
Part1from20a601332fc54132b166e752e006e4a2.JPG, tzzpieal
Part1from233f4b9516704cc7a18d4bc4e4f2621b.jpg, idesaiousness
Part1from2647e95e815543f89d2ffa7882a6430d.jpg, ancelonicakiens
Part1from26fef9dace1d43139574f4f2ffc3bafe.jpg, wimiectiggiaets
Part1from2930f37e4b9545ff959a1720175365bc.jpg, prerination
Part1from2a1c3028e62e43bcb7b35f8d5932a79a.jpg, marvinte
Part1from2a5f14f258e64996a22ae2c13b450e25.jpg, intirectrienalism
Part1from2c3bccf856094177b9e6543df70f5cd4.jpg, shonwvapovnesese
Part1from2d354b69b4e84b799b2fc09ebbefe102.jpg, winmeotaicists
Part1from2d92fae8abd24eeeb094e581f77bb597.jpg, crtachantizerosce
Part1from3142f15da8c845848adb1fe3b297f4e9.jpg, wimnetiessness
Part1from321a43170476467a93c00bed41789bcc.jpg, angelineleciagentmy
Part1from3621ea038a774c6e97fe8da36aebf941.jpg, wimieeteness
Part1from363d1295996c455c8911214fcf593631.jpg, wimenessness
Part1from3a3dca6ac0f84c70bcd21e08b08721bd.jpg, emenehenaten
Part1from3ddf0152bac04f2284aa51d108e8b5ea.jpg, taneimeatindormalism
Part1from3de008ed307c4ae29e3fba25da57fe05.jpg, licaumess
Part1from3e0da9fe3999467ca529040fc753d541.jpg, epntogeseast
Part1from47349af2c17745a0995282ba7d1d6efe.jpg, unanraiss
Part1from4a020862733c4fe792629e02c1738ccc.jpg, boomoissazizes
Part1from4a8c8c65598b43f5a961f342290fc9c0.jpg, wzarohobit
Part1from585c4184c38d45a28908ff5ac5eb5d15.jpg, boondieasness
Part1from5a06634ddbd8494dbb859cb65e76590a.jpg, chisciizodenes
Part1from5a77216c5ffe40a2bcebdb20740d415c.jpg, mhue
Part1from5fc50db2b50f45ee8dea4cd5d0c25231.jpg, coloi56ass
Part1from6513feeedc4046668103c50a5a8b2ded.JPG, chrmamonistatzes
Part1from672876ac772847eda2ca9c4350f2b3bc.jpg, 012221618
Part1from679dcabb5a284dfd82285d515888eb5a.jpg, wimnectsesaless
Part1from69d8eb4970224c5d8dc6d1af52f7dd61.jpg, uandelowressn
Part1from6aec04159ea84ebf91f67d86de3dcd36.jpg, 0163668
Part1from6b454585d5444516a460d7a75a4d9646.jpg, limieulousises
Part1from6bf009c379ef42779b8e79a14d2cae8a.jpg, iaomotozzihn
Part1from6c1a0e5ec168481dbde7bcb4207f59ba.jpg, wiiectossisus
Part1from6ce201bdecdd4a84baa3808773efbcb2.jpg, debbiettezinces
Part1from6d0183b903ac46a380a549bfd7d9f07b.jpg, letcatoness
Part1from6df924a8881b4cbb914151193365c13d.jpg, incummlese
Part1from6dfb2dd0dd7c47ee9eda23828d92bf01.jpg, srs
Part1from73a1caf54824454a9edc377ad33961c4.jpg, deoheviozuness
Part1from75502a8844064b88853bb83b2f845f29.jpg, aaotoloesesist
Part1from7811aca9177d4c42820b54a023964ced.jpg, jasontiorsizi
Part1from794db6ca11434935b3dd3b55185259f2.jpg, simenesssness
Part1from7cb30e84df65494a8e2edb57bf489757.jpg, b1e120
Part1from7ceb1331c8d046dfb9d7d1afdc1c5cd8.jpg, perynotetiotiss
Part1from88c3dbf85ecb4896b32643f655639b4c.JPG, 019g110828
Part1from8baa9b5906cb4ee28dd1db91406dc475.JPG, 0122253010
Part1from8c0f5fa1bbef4b80976794cfcfdeb4c6.jpg, denneciomsness
Part1from907fa1d53c4f4a6081a6d14dfc734997.jpg, adxatlin
Part1from93483ed0477d4093ae7a367ecfaca231.jpg, pteveantis
Part1from940c20255fe244dda1b3ec96056ef0e1.jpg, iptemses
Part1from9a88324ffaa04964ace4269185a2fabb.jpg, kenhemetinaconatism
Part1from9df7443e72674d16be90eb4b14b50ada.jpg, ackymanoisness
Part1froma2f105c894814da9afb40640d78840fe.jpg, peggydizzissing
Part1fromaa398c58ff3e4280a54b14a77d7d57d2.JPG, 01961198286
Part1fromaf9db82472fe4707bae8751a23709540.jpg, becombonzian
Part1fromb4bbfa923bac41e1b97d935777408cf0.JPG, dennis
Part1fromb849b2b5f55241d89d1f6f1ca2edd71c.jpg, canolchanizeross
Part1fromc64cc28915b849758d0899ff16e7e6f2.JPG, guostfless
Part1fromc78b6e78d1194cef80b7cbd77c3140fe.jpg, beoosonienesd
Part1fromcd77a55adc664e269bba8b862ca63f12.jpg, suievonguizesnes
Part1fromcf96de2cafa34788ac0e8722209abb8f.jpg, stonendezeseld
Part1fromd2a12827fd574791bcfae720036cbc2b.JPG, letakkereta
Part1fromdb4be65d9ee54012b432a2cd51d44aaa.jpg, leherrethniaralism
Part1fromdc18b0ee6ef84d03bf940363cb492e53.jpg, angelineleciagentmy
Part1fromdd1f2744c1334f80ba268a96c9a1eab7.jpg, reuaiciousness
Part1frome3c71018e2b14b8cb12dec20119d63a3.jpg, stollendiessed
Part1frome6a00fc8de0143e0aa48b698d27dc05c.jpg, vincelte
Part1frome835ae9ee02643a3a849febdd17f0d1c.jpg, pegoyonaessips
Part1fromeb653bfcb4994059a6163c74fa20b29e.jpg, pertmilassine
Part1fromef752f098c42480eab22104415f38fd5.jpg, carotchantizsiosst
Part1fromf06b8ae59d1d430db15832c80a2f3dbb.jpg, hffssorig
Part1fromf59885b2eb2146cd96156d8d6d03fdd1.jpg, deprieciszeness
Part1fromf639e4b889974bfb8d39f3f0044f1f2e.jpg, shontanouyzesse
Part1fromfb970a5717eb4f38ac210ab93bd1a82b.jpg, stantomassien
Part1fromfe1721c803a4407e9983852c483b57fa.jpg, cnsuiaeidized
Part2from0404d7f711f640cbbee42c4a73bfa66b.jpg, tatrportaiorier
Part2from0a49aad8517f48c29ce68d0bd0c75381.jpg, cozarealto
Part2from0a5611461850455e8136f224438bcfd4.jpg, patliing
Part2from0a621717682d44ff9be1fbc80e24cf65.jpg, fadzarestor
Part2from0a72215ed2cd43a5b66a552bed79e399.jpg, dighscasse
Part2from0a7fa0b134ec461e9edc781ec50689c8.jpg, fadzeredtic
Part2from0a829aaa5e8f4c4eacd1bfd879773be9.jpg, marvintay
Part2from0afe48656a474c5d82ff819c51c9ac53.jpg, baetraton
Part2from0b75100f314e43d5b7ed8dfeb5616247.jpg, l5y
Part2from0b98d947a09b4b3384829353afb46080.jpg, dieritess
Part2from0d15421f76d64bd8b57db305dfa9b4b8.jpg, selmiiou
Part2from0f1600e585d147a3a9dc41c79e8761da.jpg, aoac
Part2from1bd5fdb7540a42e691cf57c167cfaef8.jpg, 0163964857
Part2from1bff9d3cfd8a48dfbe797e6085fad8c1.jpg, mctlasst
Part2from1c19b2689064434686cecd5a3e8fa21e.jpg, toctntantermales
Part2from1c83dcbb19ab47bb96b9e734af83b285.jpg, yapyl
Part2from1cc97205eb084b4d84d599348e389afe.jpg, lealesinentintoralsom
Part2from2647e95e815543f89d2ffa7882a6430d.jpg, catlod
Part2from2930f37e4b9545ff959a1720175365bc.jpg, mipropintoggrnalisom
Part2from2a1c3028e62e43bcb7b35f8d5932a79a.jpg, residense
Part2from2a5f14f258e64996a22ae2c13b450e25.jpg, fadzireatior
Part2from2d92fae8abd24eeeb094e581f77bb597.jpg, eed
Part2from321a43170476467a93c00bed41789bcc.jpg, angenewize
Part2from3a3dca6ac0f84c70bcd21e08b08721bd.jpg, 0l04566666
Part2from3ddf0152bac04f2284aa51d108e8b5ea.jpg, katherine
Part2from3de008ed307c4ae29e3fba25da57fe05.jpg, livingroom
Part2from3e0da9fe3999467ca529040fc753d541.jpg, yapyl
Part2from4a8c8c65598b43f5a961f342290fc9c0.jpg, safejrent
Part2from585c4184c38d45a28908ff5ac5eb5d15.jpg, setd
Part2from5a77216c5ffe40a2bcebdb20740d415c.jpg, ies
Part2from5fc50db2b50f45ee8dea4cd5d0c25231.jpg, terreutidilastons
Part2from672876ac772847eda2ca9c4350f2b3bc.jpg, tracy
Part2from6aec04159ea84ebf91f67d86de3dcd36.jpg, yapyl
Part2from6d0183b903ac46a380a549bfd7d9f07b.jpg, room
Part2from6df924a8881b4cbb914151193365c13d.jpg, yap
Part2from6dfb2dd0dd7c47ee9eda23828d92bf01.jpg, teped
Part2from7cb30e84df65494a8e2edb57bf489757.jpg, porons
Part2from8baa9b5906cb4ee28dd1db91406dc475.JPG, dennis
Part2from907fa1d53c4f4a6081a6d14dfc734997.jpg, klia
Part2from93483ed0477d4093ae7a367ecfaca231.jpg, unmessmeties
Part2from940c20255fe244dda1b3ec96056ef0e1.jpg, lap
Part2from9df7443e72674d16be90eb4b14b50ada.jpg, harrractwane
Part2fromb4bbfa923bac41e1b97d935777408cf0.JPG, 0122858010
Part2fromc64cc28915b849758d0899ff16e7e6f2.JPG, chelvs
Part2fromcf96de2cafa34788ac0e8722209abb8f.jpg, paris
Part2fromd2a12827fd574791bcfae720036cbc2b.JPG, melmousines
Part2fromdb4be65d9ee54012b432a2cd51d44aaa.jpg, katheriner
Part2fromdc18b0ee6ef84d03bf940363cb492e53.jpg, angenewize
Part2frome6a00fc8de0143e0aa48b698d27dc05c.jpg, best
Part2fromf06b8ae59d1d430db15832c80a2f3dbb.jpg, tracy
Part2fromf59885b2eb2146cd96156d8d6d03fdd1.jpg, jny
Part3from0404d7f711f640cbbee42c4a73bfa66b.jpg, 3x5
Part3from0a49aad8517f48c29ce68d0bd0c75381.jpg, boualazill
Part3from0a5611461850455e8136f224438bcfd4.jpg, squashroom
Part3from0a621717682d44ff9be1fbc80e24cf65.jpg, frolnerzal
Part3from0a7fa0b134ec461e9edc781ec50689c8.jpg, to1361nm
Part3from0afe48656a474c5d82ff819c51c9ac53.jpg, win
Part3from0b75100f314e43d5b7ed8dfeb5616247.jpg, q
Part3from0b98d947a09b4b3384829353afb46080.jpg, waknans
Part3from0d15421f76d64bd8b57db305dfa9b4b8.jpg, mnatdreqroeatigatam
Part3from1bd5fdb7540a42e691cf57c167cfaef8.jpg, yapyl
Part3from1bff9d3cfd8a48dfbe797e6085fad8c1.jpg, maptye
Part3from1c19b2689064434686cecd5a3e8fa21e.jpg, fooiterazll
Part3from1c83dcbb19ab47bb96b9e734af83b285.jpg, yapeu
Part3from1cc97205eb084b4d84d599348e389afe.jpg, 01045681666
Part3from2930f37e4b9545ff959a1720175365bc.jpg, iropertycom
Part3from2a1c3028e62e43bcb7b35f8d5932a79a.jpg, daemiah
Part3from2a5f14f258e64996a22ae2c13b450e25.jpg, f0it6224
Part3from3ddf0152bac04f2284aa51d108e8b5ea.jpg, 01606681666
Part3from3e0da9fe3999467ca529040fc753d541.jpg, seeated
Part3from4a8c8c65598b43f5a961f342290fc9c0.jpg, olesoulago
Part3from5a77216c5ffe40a2bcebdb20740d415c.jpg, yapy
Part3from5fc50db2b50f45ee8dea4cd5d0c25231.jpg, bukituali
Part3from6aec04159ea84ebf91f67d86de3dcd36.jpg, capyl
Part3from6df924a8881b4cbb914151193365c13d.jpg, snecity
Part3from6dfb2dd0dd7c47ee9eda23828d92bf01.jpg, tramdan
Part3from7cb30e84df65494a8e2edb57bf489757.jpg, smeir
Part3from907fa1d53c4f4a6081a6d14dfc734997.jpg, ymphonyhills
Part3from93483ed0477d4093ae7a367ecfaca231.jpg, angeimebelagentimy
Part3from9df7443e72674d16be90eb4b14b50ada.jpg, jed
Part3fromd2a12827fd574791bcfae720036cbc2b.JPG, liie
Part3fromdb4be65d9ee54012b432a2cd51d44aaa.jpg, aailelessness
Part3frome6a00fc8de0143e0aa48b698d27dc05c.jpg, manytdeal
Part3fromf59885b2eb2146cd96156d8d6d03fdd1.jpg, mt
Part4from0404d7f711f640cbbee42c4a73bfa66b.jpg, forsaletrenteles
Part4from0a49aad8517f48c29ce68d0bd0c75381.jpg, troisoadls
Part4from0a5611461850455e8136f224438bcfd4.jpg, marvintay
Part4from0a621717682d44ff9be1fbc80e24cf65.jpg, 7601868024
Part4from0a7fa0b134ec461e9edc781ec50689c8.jpg, folzblall
Part4from0afe48656a474c5d82ff819c51c9ac53.jpg, hootbazlls
Part4from0b75100f314e43d5b7ed8dfeb5616247.jpg, ps
Part4from0b98d947a09b4b3384829353afb46080.jpg, rapsa
Part4from0d15421f76d64bd8b57db305dfa9b4b8.jpg, 46013202366
Part4from1bff9d3cfd8a48dfbe797e6085fad8c1.jpg, snentry
Part4from1c19b2689064434686cecd5a3e8fa21e.jpg, h601864224
Part4from2930f37e4b9545ff959a1720175365bc.jpg, kkagoneesbitr0
Part4from2a1c3028e62e43bcb7b35f8d5932a79a.jpg, pruiity
Part4from2a5f14f258e64996a22ae2c13b450e25.jpg, 760i3682241
Part4from3e0da9fe3999467ca529040fc753d541.jpg, liet
Part4from4a8c8c65598b43f5a961f342290fc9c0.jpg, teiwangsase
Part4from5fc50db2b50f45ee8dea4cd5d0c25231.jpg, vahapyl
Part4from6df924a8881b4cbb914151193365c13d.jpg, maracitis
Part4from6dfb2dd0dd7c47ee9eda23828d92bf01.jpg, yapyn
Part4from907fa1d53c4f4a6081a6d14dfc734997.jpg, cnz
Part4frome6a00fc8de0143e0aa48b698d27dc05c.jpg, units
Part4fromf59885b2eb2146cd96156d8d6d03fdd1.jpg, jj
Part5from0404d7f711f640cbbee42c4a73bfa66b.jpg, 016415z188
Part5from0a5611461850455e8136f224438bcfd4.jpg, 760132208866
Part5from0afe48656a474c5d82ff819c51c9ac53.jpg, faozinieator
Part5from0b98d947a09b4b3384829353afb46080.jpg, shabest
Part5from0d15421f76d64bd8b57db305dfa9b4b8.jpg, smarvinlay
Part5from1bff9d3cfd8a48dfbe797e6085fad8c1.jpg, yapy
Part5from2930f37e4b9545ff959a1720175365bc.jpg, sesemamnt
Part5from2a1c3028e62e43bcb7b35f8d5932a79a.jpg, repe
Part5from4a8c8c65598b43f5a961f342290fc9c0.jpg, frai
Part5from6df924a8881b4cbb914151193365c13d.jpg, moffol
Part5from6dfb2dd0dd7c47ee9eda23828d92bf01.jpg, iaman
Part5from907fa1d53c4f4a6081a6d14dfc734997.jpg, cyberjaya